From,To,Links
Jammu (j and k),Srinagar,https://www.redbus.in/bus-tickets/jammu-to-srinagar
Delhi,Srinagar,https://www.redbus.in/bus-tickets/delhi-to-srinagar
Srinagar,Jammu (j and k),https://www.redbus.in/bus-tickets/srinagar-to-jammu
Jammu (j and k),Haridwar,https://www.redbus.in/bus-tickets/jammu-to-haridwar
Jammu (j and k),Delhi,https://www.redbus.in/bus-tickets/jammu-to-delhi
Delhi,Jammu (j and k),https://www.redbus.in/bus-tickets/delhi-to-jammu
Katra (jammu and kashmir),Jammu (j and k),https://www.redbus.in/bus-tickets/katra-to-jammu
Jammu (j and k),Katra (jammu and kashmir),https://www.redbus.in/bus-tickets/jammu-to-katra
Mendhar (J & K),Jammu (j and k),https://www.redbus.in/bus-tickets/mendhar-j-k-to-jammu
Jammu (j and k),Poonch,https://www.redbus.in/bus-tickets/jammu-to-poonch
Haridwar,Jammu (j and k),https://www.redbus.in/bus-tickets/haridwar-to-jammu
Chandigarh,Jammu (j and k),https://www.redbus.in/bus-tickets/chandigarh-to-jammu
Jammu (j and k),Kishtwar,https://www.redbus.in/bus-tickets/jammu-to-kishtwar
Jammu (j and k),Mendhar (J & K),https://www.redbus.in/bus-tickets/jammu-to-mendhar-j-k
Jammu (j and k),Amritsar,https://www.redbus.in/bus-tickets/jammu-to-amritsar
Ajmer,Jammu (j and k),https://www.redbus.in/bus-tickets/ajmer-to-jammu
